,rank,name,revenues,revenue_percent_change,profits,profits_percent_change,assets,market_value,change_in_rank,employees,profited,rank_change
0,1,Walmart,572754.0,2.4,13673.0,1.2,244860.0,409795.0,-,2300000,1,1
1,2,Amazon,469822.0,21.7,33364.0,56.4,420549.0,1658807.3,-,1608000,1,1
2,3,Apple,365817.0,33.3,94680.0,64.9,351002.0,2849537.6,-,154000,1,1
3,4,CVS Health,292111.0,8.7,7910.0,10.2,232999.0,132839.2,-,258000,1,1
4,5,UnitedHealth Group,287597.0,11.8,17285.0,12.2,212206.0,479830.3,-,350000,1,1
6,7,Berkshire Hathaway,276094.0,12.5,89795.0,111.2,958784.0,779542.3,-1,372000,1,1
7,8,Alphabet,257637.0,41.2,76033.0,88.8,359268.0,1842326.1,1,156500,1,0
8,9,McKesson,238228.0,3.1,-4539.0,-604.3,65015.0,45857.8,-2,67500,0,1
10,11,Costco Wholesale,195929.0,17.5,5007.0,25.1,59268.0,255230.7,1,288000,1,0
11,12,Cigna,174078.0,8.5,5365.0,-36.6,154889.0,76286.3,1,72963,1,0
13,14,Microsoft,168088.0,17.5,61271.0,38.4,333779.0,2311358.9,1,181000,1,0
16,17,Home Depot,151157.0,14.4,16433.0,27.7,71876.0,309312.6,1,490600,1,0
17,18,Walgreens Boots Alliance,148579.0,6.5,2542.0,457.5,81285.0,38671.1,-2,258500,1,1
19,20,Elevance Health,138639.0,13.8,6104.0,33.5,97460.0,118533.5,3,98200,1,0
20,21,Kroger,137888.0,4.1,1655.0,-36.0,49086.0,41496.2,-4,420000,1,1
22,23,Verizon Communications,133613.0,4.1,22065.0,24.0,366596.0,213837.1,-3,118400,1,1
23,24,JPMorgan Chase,127202.0,-1.8,48334.0,65.9,3743567.0,402526.9,-5,271025,1,1
24,25,General Motors,127004.0,3.7,10019.0,55.9,244718.0,63555.2,-3,157000,1,1
25,26,Centene,125982.0,13.4,1347.0,-25.5,78375.0,49072.2,-2,72500,1,1
26,27,Meta Platforms,117929.0,37.2,39370.0,35.1,165987.0,605251.0,7,71970,1,0
27,28,Comcast,116385.0,12.4,14159.0,34.4,275905.0,212245.8,-2,189000,1,1
30,31,Dell Technologies,106995.0,13.6,5563.0,71.2,92735.0,38164.4,-3,133000,1,1
31,32,Target,106005.0,13.3,6946.0,59.0,53811.0,98134.4,-2,450000,1,1
32,33,Fannie Mae,101543.0,-4.6,22176.0,87.9,4229166.0,909.1,-8,7400,1,1
33,34,UPS,97287.0,15.0,12890.0,859.8,69405.0,186816.6,1,400945,1,0
34,35,Lowe's,96250.0,7.4,8442.0,44.7,44640.0,133761.1,-4,270000,1,1
35,36,Bank of America,93851.0,0.1,31978.0,78.7,3169495.0,332433.3,-7,208248,1,1
36,37,Johnson & Johnson,93775.0,13.6,20878.0,41.9,182018.0,466046.7,-1,141700,1,1
37,38,Archer Daniels Midland,85249.0,32.5,2709.0,52.9,56136.0,50769.2,13,39979,1,0
38,39,FedEx,83959.0,21.3,5231.0,306.8,82777.0,59971.3,6,484000,1,0
39,40,Humana,83064.0,7.7,2933.0,-12.9,44358.0,55154.9,1,95500,1,0
40,41,Wells Fargo,82407.0,2.6,21548.0,552.8,1948068.0,184225.0,-4,247848,1,1
42,43,Pfizer,81288.0,94.0,21979.0,128.6,181476.0,292385.3,34,79000,1,0
43,44,Citigroup,79865.0,-10.1,21952.0,98.7,2291413.0,105330.1,-11,221768,1,1
44,45,PepsiCo,79474.0,12.9,7618.0,7.0,92377.0,231528.2,-1,309000,1,1
45,46,Intel,79024.0,1.5,19868.0,-4.9,168406.0,202635.8,-6,121100,1,1
46,47,Procter & Gamble,76118.0,7.3,14306.0,9.8,119307.0,366271.6,-4,101000,1,1
47,48,General Electric,74196.0,-6.8,-6520.0,-214.3,198874.0,100810.2,-10,168000,0,1
48,49,IBM,72344.0,-1.7,5743.0,2.7,132001.0,116928.3,-7,297800,1,1
49,50,MetLife,71080.0,4.8,6554.0,21.2,759708.0,57986.5,-4,43000,1,1
51,52,Albertsons,69690.4,11.6,850.2,82.3,26598.0,16063.7,-,300000,1,1
54,55,Lockheed Martin,67044.0,2.5,6315.0,-7.6,50873.0,117648.2,-6,114000,1,1
55,56,Freddie Mac,65898.0,-0.5,12109.0,65.3,3025586.0,510.3,-9,7301,1,1
56,57,Goldman Sachs Group,64989.0,21.5,21635.0,128.7,1463988.0,117667.6,2,43900,1,0
58,59,HP,63487.0,12.1,6503.0,128.7,38610.0,38237.2,-3,51000,1,1
60,61,Morgan Stanley,61121.0,17.4,15034.0,36.7,1188140.0,155685.6,-,74814,1,1
61,62,HCA Healthcare,58752.0,14.0,6956.0,85.3,50742.0,75691.9,-,244000,1,1
62,63,AbbVie,56197.0,22.7,11542.0,150.0,146529.0,286332.4,5,50000,1,0
63,64,Dow,54968.0,42.6,6311.0,415.2,62990.0,46839.7,18,35700,1,0
64,65,Tesla,53823.0,70.7,5519.0,665.5,62131.0,1113707.8,35,99290,1,0
65,66,Allstate,53228.0,18.8,1599.0,-71.3,99440.0,38553.7,4,54500,1,0
67,68,Best Buy,51761.0,9.5,2454.0,36.5,17504.0,20473.2,-2,81375,1,1
68,69,Charter Communications,51682.0,7.5,4654.0,44.4,142491.0,112803.4,-5,93700,1,1
69,70,Sysco,51297.8,-3.0,524.2,143.3,21413.5,41433.1,-10,57710,1,1
70,71,Merck,51216.0,6.7,13049.0,84.6,105694.0,207400.5,-6,67500,1,1
72,73,Caterpillar,50971.0,22.1,6489.0,116.4,82793.0,119406.6,5,107700,1,0
73,74,Cisco Systems,49818.0,1.0,10591.0,-5.6,97497.0,231636.4,-11,79500,1,1
74,75,TJX,48550.0,51.1,3282.8,3528.6,28461.5,71195.3,22,340000,1,0
78,79,Progressive,47702.0,11.8,3350.9,-41.3,71132.3,66670.3,-5,49077,1,1
80,81,Tyson Foods,47049.0,8.9,3047.0,47.8,36309.0,32487.8,-8,137000,1,1
82,83,Nike,44538.0,19.1,5727.0,125.6,37740.0,212779.1,2,73300,1,0
83,84,Deere,44024.0,23.9,5963.0,116.8,84114.0,127456.6,4,75550,1,0
84,85,American Express,43663.0,14.3,8060.0,157.1,188548.0,141613.0,-2,64000,1,1
85,86,Abbott Laboratories,43075.0,24.5,7071.0,57.3,75196.0,208725.8,3,113000,1,0
86,87,StoneX Group,42534.2,-21.4,116.3,-31.4,18839.6,1494.4,-29,3242,1,1
88,89,Enterprise Products Partners,40806.9,50.0,4637.7,22.8,67525.6,56172.4,16,6911,1,0
90,91,Oracle,40479.0,3.6,13746.0,35.6,131107.0,220736.6,-11,132000,1,1
91,92,Thermo Fisher Scientific,39211.0,21.7,7725.0,21.2,95123.0,231057.4,3,129000,1,0
92,93,Coca-Cola,38655.0,17.1,9771.0,26.1,94354.0,268769.7,-,79000,1,1
93,94,General Dynamics,38469.0,1.4,3257.0,2.8,50073.0,67081.0,-10,103100,1,1
97,98,Nucor,36483.9,81.2,6827.5,846.3,25823.1,39954.0,51,28800,1,0
98,99,Exelon,36347.0,10.0,1706.0,-13.1,133013.0,46683.9,-7,31518,1,1
100,101,Northrop Grumman,35667.0,-3.1,7005.0,119.7,42579.0,69811.9,-15,88000,1,1
101,102,3M,35355.0,9.9,5921.0,10.0,47072.0,84738.3,-6,95000,1,1
102,103,Travelers,34816.0,8.9,3662.0,35.8,120466.0,44129.4,-5,30492,1,1
103,104,Arrow Electronics,34477.0,20.2,1108.2,89.6,19535.5,7951.3,-2,20700,1,1
104,105,Honeywell International,34392.0,5.4,5542.0,16.0,64470.0,133381.0,-11,99000,1,1
105,106,Dollar General,34220.4,1.4,2399.2,-9.6,26327.4,50953.0,-15,163000,1,1
106,107,Qualcomm,33566.0,42.6,9043.0,74.0,41240.0,172228.1,17,45000,1,0
107,108,Capital One Financial,32033.0,1.2,12390.0,356.5,432381.0,53260.4,-9,50767,1,1
108,109,TD Synnex,31614.2,28.1,395.1,-25.3,27666.4,9853.6,8,27000,1,0
109,110,Philip Morris International,31405.0,9.4,9109.0,13.1,41290.0,145614.7,-9,69600,1,1
110,111,World Fuel Services,31337.0,53.9,73.7,-32.8,5942.4,1715.5,36,4414,1,0
114,115,Netflix,29697.8,18.8,5116.2,85.3,44584.7,166304.1,-,11300,1,1
115,116,Paramount Global,29579.0,13.0,4543.0,87.6,58620.0,24628.8,-7,25115,1,1
117,118,Danaher,29453.0,32.2,6433.0,76.4,83184.0,209993.4,12,79000,1,0
118,119,Jabil,29285.0,7.4,696.0,1191.0,16654.0,8857.3,-15,238000,1,1
119,120,Starbucks,29060.6,23.6,4199.3,352.4,31392.6,104642.8,5,383000,1,0
120,121,Mondelez International,28720.0,8.0,4300.0,21.0,67092.0,87159.2,-13,79000,1,1
121,122,Eli Lilly,28318.4,15.4,5581.7,-9.9,48806.0,272723.6,-4,35238,1,1
123,124,D.R. Horton,27774.2,36.7,4175.8,75.9,24015.9,26403.2,24,11788,1,0
124,125,Molina Healthcare,27771.0,43.0,659.0,-2.1,12209.0,19572.9,30,14000,1,0
125,126,CBRE Group,27746.0,16.5,1836.6,144.2,22073.5,30414.2,-4,105000,1,1
126,127,Micron Technology,27705.0,29.3,5861.0,118.1,58849.0,86977.2,8,43000,1,0
127,128,Broadcom,27450.0,14.9,6736.0,127.6,75570.0,257086.5,-7,20000,1,1
128,129,Gilead Sciences,27305.0,10.6,6225.0,4961.0,67952.0,74656.5,-13,14400,1,1
130,131,Lennar,27130.7,20.6,4430.1,79.7,33207.8,23413.0,-2,10753,1,1
132,133,NRG Energy,26989.0,196.8,2187.0,328.8,23182.0,9289.0,200,6635,1,0
133,134,Nvidia,26914.0,61.4,9752.0,125.1,44187.0,684878.6,50,22473,1,0
135,136,Salesforce,26492.0,24.7,1444.0,-64.5,95209.0,210196.8,1,73541,1,0
136,137,Dollar Tree,26321.2,3.2,1327.9,-1.0,21721.8,36051.4,-26,136226,1,1
137,138,KKR,26141.3,171.5,4666.5,133.0,264285.4,51542.9,178,3238,1,0
138,139,Kraft Heinz,26042.0,-0.5,1012.0,184.3,93394.0,48248.6,-29,36000,1,1
139,140,Amgen,25979.0,2.2,5893.0,-18.9,61165.0,134700.8,-28,24200,1,1
140,141,AutoNation,25844.0,26.7,1373.0,259.8,8943.6,6111.4,4,22200,1,0
141,142,Penske Automotive Group,25554.7,25.0,1187.8,118.5,13464.6,7196.7,1,24797,1,0
142,143,PayPal Holdings,25371.0,18.3,4169.0,-0.8,75803.0,134732.8,-9,30900,1,1
144,145,Duke Energy,24677.0,5.2,3908.0,183.8,169587.0,85967.0,-19,27605,1,1
146,147,Visa,24105.0,10.3,12311.0,13.3,82896.0,480022.5,-14,21500,1,1
148,149,Cummins,24021.0,21.3,2131.0,19.1,23710.0,29140.9,1,59900,1,0
149,150,U.S. Bancorp,23714.0,-6.0,7963.0,60.6,573284.0,78929.8,-37,68796,1,1
150,151,Paccar,23522.3,25.6,1852.1,42.6,29301.7,30619.7,8,28500,1,0
151,152,McDonald's,23222.9,20.9,7545.2,59.5,53854.3,183873.6,5,200000,1,0
152,153,Southern,23113.0,13.4,2393.0,-23.3,127534.0,76877.0,-7,27164,1,1
153,154,C.H. Robinson Worldwide,23102.1,42.5,844.2,66.7,7028.1,13855.8,37,16877,1,0
154,155,Truist Financial,23064.0,-5.6,6440.0,43.7,541241.0,75353.9,-36,51462,1,1
155,156,Applied Materials,23063.0,34.1,5888.0,62.7,25825.0,116431.4,20,27000,1,0
156,157,Freeport-McMoRan,22845.0,60.9,4306.0,618.9,48022.0,72360.8,58,24700,1,0
157,158,Lithia Motors,22831.7,74.0,1060.0,125.4,11146.9,8909.8,73,21150,1,0
158,159,Blackstone,22577.1,270.0,5857.4,460.3,41196.4,88907.2,295,3795,1,0
159,160,Hartford Financial Services Group,22390.0,9.1,2365.0,36.2,76578.0,23815.6,-18,18100,1,1
160,161,Aflac,22106.0,-0.2,4325.0,-9.5,157542.0,41812.8,-30,12447,1,1
161,162,Whirlpool,21985.0,13.0,1783.0,64.9,20285.0,10101.2,-8,69000,1,1
162,163,Union Pacific,21804.0,11.6,6523.0,21.9,63525.0,171681.6,-10,32124,1,1
163,164,International Paper,21780.0,5.8,1752.0,263.5,25243.0,17301.1,-23,38200,1,1
164,165,Altria Group,21111.0,1.3,2475.0,-44.6,39523.0,94951.7,-27,6000,1,1
165,166,CDW,20820.8,12.7,988.6,25.4,13199.4,24140.2,-5,13900,1,1
166,167,ManpowerGroup,20724.4,15.1,382.4,1506.7,9828.9,5025.6,-2,30000,1,1
168,169,Carrier Global,20613.0,18.1,1664.0,-16.0,26172.0,39127.4,2,58000,1,0
172,173,Becton Dickinson,20248.0,18.3,2092.0,139.4,53866.0,75749.1,4,75000,1,0
173,174,CarMax,20092.1,-6.2,746.9,-15.9,21541.5,15598.9,-38,26889,1,1
174,175,Sherwin-Williams,19944.6,8.6,1864.4,-8.2,20666.7,65037.9,-13,61626,1,1
175,176,Builders FirstSource,19893.9,132.4,1725.4,450.3,10714.3,11408.9,174,28000,1,0
176,177,Marsh & McLennan,19820.0,15.1,3143.0,55.9,34388.0,85681.3,-2,83000,1,1
177,178,PNC Financial Services Group,19698.0,-18.1,5674.0,-24.5,557191.0,77203.4,-58,58547,1,1
180,181,Tenet Healthcare,19485.0,10.5,914.0,129.1,27579.0,9387.6,-14,88968,1,1
181,182,Kimberly-Clark,19440.0,1.6,1814.0,-22.9,17837.0,41496.1,-24,45000,1,1
183,184,BlackRock,19374.0,19.6,5901.0,19.6,152648.0,116186.2,8,18400,1,0
184,185,Jones Lang LaSalle,19367.0,16.7,961.6,138.9,15505.0,11945.5,1,98200,1,0
185,186,Lear,19263.1,13.0,373.9,135.9,13352.4,8513.1,-7,160100,1,1
186,187,Lincoln National,19230.0,10.3,1405.0,181.6,387301.0,11271.6,-15,10848,1,1
187,188,Charles Schwab,18996.0,56.9,5855.0,77.5,667270.0,159675.9,63,33400,1,0
188,189,Ross Stores,18916.2,50.9,1722.6,1917.5,13640.3,31741.7,53,100000,1,0
189,190,Mastercard,18884.0,23.4,8687.0,35.5,37669.0,349330.5,11,24000,1,0
193,194,Cognizant Technology Solutions,18507.0,11.1,2137.0,53.5,17852.0,47035.0,-9,330600,1,1
195,196,Steel Dynamics,18408.9,91.7,3214.1,483.5,12531.2,15811.5,123,10640,1,0
197,198,Texas Instruments,18344.0,26.9,7769.0,38.9,24676.0,169329.6,12,31000,1,0
198,199,Emerson Electric,18236.0,8.6,2303.0,17.2,24715.0,58241.7,-18,86700,1,1
199,200,WESCO International,18217.5,47.8,465.4,362.8,12617.7,6598.5,45,18000,1,0
200,201,General Mills,18127.0,2.8,2339.8,7.3,31841.9,40781.8,-32,35000,1,1
202,203,Waste Management,17931.0,17.8,1816.0,21.4,29097.0,65802.8,-1,48500,1,1
204,205,DISH Network,17881.1,15.4,2410.6,36.8,48001.7,16743.1,-8,14500,1,1
205,206,L3Harris Technologies,17814.0,-2.1,1846.0,65.0,34709.0,47969.6,-43,47000,1,1
207,208,Block,17661.2,86.0,166.3,-22.0,13925.8,78655.9,115,8521,1,0
210,211,Colgate-Palmolive,17421.0,5.8,2166.0,-19.6,15040.0,63742.2,-23,33800,1,1
211,212,Stanley Black & Decker,17252.7,18.7,1689.2,36.9,28180.0,22843.3,-3,71300,1,1
213,214,Stryker,17108.0,19.2,1994.0,24.7,34631.0,100978.1,-2,46000,1,1
214,215,NextEra Energy,17069.0,-5.2,3573.0,22.4,140912.0,166264.1,-49,15000,1,1
217,218,PPG Industries,16802.0,21.5,1439.0,35.9,21351.0,30951.9,2,49300,1,0
218,219,American Electric Power,16792.0,12.6,2488.1,13.1,87668.7,50338.6,-15,16688,1,1
220,221,BJ's Wholesale Club,16667.3,8.0,426.7,1.3,5668.9,9146.9,-23,34000,1,1
221,222,Reinsurance Group of America,16658.0,14.1,617.0,48.7,92175.0,7354.6,-15,3500,1,1
222,223,Kinder Morgan,16610.0,42.0,1784.0,1399.2,70416.0,42878.1,39,10529,1,0
223,224,Oneok,16540.3,93.6,1499.7,144.7,23621.6,31516.0,127,2847,1,0
224,225,Expeditors Intl. of Washington,16523.5,72.4,1415.5,103.3,7609.9,17268.8,74,19070,1,0
225,226,Advanced Micro Devices,16434.0,68.3,3162.0,27.0,12419.0,177936.1,83,15500,1,0
226,227,Fiserv,16226.0,9.3,1334.0,39.2,76249.0,66132.8,-22,44000,1,1
227,228,Est√©e Lauder,16215.0,13.4,2870.0,319.6,21971.0,97672.1,-15,53320,1,1
228,229,Bank of New York Mellon,16158.0,-4.6,3759.0,3.9,444438.0,40056.7,-49,49100,1,1
229,230,Laboratory Corp. of America,16120.9,15.3,2377.3,52.8,20385.4,24625.8,-12,71725,1,1
230,231,Regeneron Pharmaceuticals,16071.7,89.1,8075.3,129.9,25434.8,75806.0,123,10368,1,0
234,235,Adobe,15785.0,22.7,4822.0,-8.3,27241.0,215280.5,-1,25988,1,1
235,236,Synchrony Financial,15752.0,-4.4,4221.0,204.8,95748.0,18145.5,-49,18000,1,1
236,237,Corteva,15655.0,10.1,1759.0,158.3,42344.0,41774.9,-23,21000,1,1
237,238,Fidelity National Financial,15643.0,45.1,2422.0,69.7,60690.0,13849.6,50,28290,1,0
238,239,DTE Energy,15369.0,26.2,907.0,-33.7,39719.0,25614.6,11,10300,1,0
239,240,Murphy USA,15318.8,61.2,396.9,2.8,4048.2,4888.6,82,10430,1,0
241,242,Automatic Data Processing,15005.4,2.8,2598.5,5.4,48772.5,95577.1,-34,56000,1,1
242,243,Edison International,14905.0,9.8,759.0,2.7,74745.0,26693.8,-17,13003,1,1
243,244,BorgWarner,14838.0,46.0,537.0,7.4,16575.0,9335.0,51,49300,1,0
248,249,AutoZone,14629.6,15.8,2170.3,25.2,14516.2,40582.6,-11,85050,1,1
249,250,Lam Research,14626.2,45.6,3908.5,73.6,15892.2,74996.7,54,14100,1,0
251,252,Illinois Tool Works,14455.0,15.0,2694.0,27.7,16077.0,65311.9,-12,45000,1,1
252,253,Parker-Hannifin,14347.6,4.8,1746.1,44.7,20341.2,36456.8,-30,54640,1,1
253,254,Otis Worldwide,14298.0,12.1,1246.0,37.5,12279.0,32700.9,-18,70000,1,1
254,255,Omnicom Group,14289.4,8.5,1407.8,48.9,28421.8,17565.7,-26,71700,1,1
255,256,Principal Financial,14262.7,-3.2,1710.6,22.6,304657.2,19176.7,-50,18600,1,1
257,258,Kellogg,14181.0,3.0,1488.0,18.9,18178.0,21890.2,-36,31000,1,1
260,261,Reliance Steel & Aluminum,14093.3,59.9,1413.0,282.8,9536.0,11313.5,82,13950,1,0
261,262,Jacobs Engineering Group,14092.6,3.8,477.0,-3.0,14632.6,17807.4,-37,53500,1,1
262,263,Corning,14082.0,24.6,1906.0,272.3,30154.0,31212.8,14,61200,1,0
264,265,Qurate Retail,14044.0,-0.9,340.0,-71.8,16249.0,1807.4,-49,26745,1,1
266,267,PulteGroup,13926.9,26.2,1946.3,38.3,13352.6,10115.7,17,6182,1,0
267,268,Fidelity National Information Services,13877.0,10.6,417.0,163.9,82931.0,61215.1,-27,65000,1,1
268,269,IQVIA Holdings,13874.0,22.1,966.0,246.2,24689.0,44140.8,6,79000,1,0
270,271,Berry Global Group,13850.0,18.3,733.0,31.1,17882.0,7832.4,-10,47000,1,1
271,272,Ball,13811.0,17.2,878.0,50.1,19714.0,28909.1,-12,24300,1,1
272,273,Group 1 Automotive,13801.7,27.2,552.1,92.7,5749.4,2859.9,13,13711,1,0
273,274,Leidos Holdings,13737.0,11.7,753.0,19.9,13261.0,14727.7,-26,43000,1,1
274,275,Wayfair,13708.0,-3.1,-131.0,-170.8,4570.0,11641.6,-58,16681,0,1
275,276,Consolidated Edison,13676.0,11.7,1346.0,22.3,63116.0,33525.3,-27,13871,1,1
276,277,Ameriprise Financial,13443.0,12.4,2760.0,79.9,175979.0,33213.0,-24,12000,1,1
277,278,Xcel Energy,13431.0,16.5,1597.0,8.4,57851.0,39275.9,-6,11321,1,1
278,279,O'Reilly Automotive,13327.6,14.8,2164.7,23.5,11718.7,45410.4,-11,76158,1,1
279,280,Global Partners,13248.3,59.2,60.8,-40.5,2831.2,927.1,81,2960,1,0
280,281,Discover Financial Services,13221.0,2.1,5449.0,377.6,110242.0,31076.7,-48,16700,1,1
281,282,Rocket Companies,13175.6,-17.6,308.2,55.7,32774.9,21905.9,-88,26000,1,1
282,283,LKQ,13088.5,12.6,1090.9,70.9,12606.2,12941.4,-17,46000,1,1
283,284,W.W. Grainger,13022.0,10.4,1043.0,50.1,6592.0,26358.0,-26,23450,1,1
284,285,Quanta Services,12980.2,15.9,486.0,9.1,12855.2,18779.5,-7,43700,1,1
285,286,Crown Holdings,12979.0,12.1,-560.0,-196.7,13858.0,15460.6,-17,26000,0,1
286,287,Fox,12909.0,4.9,2150.0,115.2,22926.0,21423.2,-40,9000,1,1
287,288,Sempra,12857.0,7.7,1317.0,-66.5,72045.0,53087.6,-33,15390,1,1
288,289,Markel,12846.4,32.0,2425.0,197.2,48448.9,20037.5,22,20300,1,0
290,291,XPO Logistics,12806.0,-21.2,336.0,205.5,8707.0,8356.9,-101,44700,1,1
291,292,Baxter International,12784.0,9.5,1284.0,16.5,33521.0,39017.9,-28,60000,1,1
293,294,Tractor Supply,12731.1,19.9,997.1,33.1,7767.5,26171.6,-3,34000,1,1
294,295,Andersons,12728.8,55.1,104.0,1248.7,4569.2,1708.2,71,2334,1,0
295,296,Keurig Dr Pepper,12683.0,9.2,2146.0,62.0,50598.0,53748.2,-29,27500,1,1
296,297,Universal Health Services,12642.1,9.4,991.6,5.0,13093.5,10843.1,-27,78850,1,1
297,298,CSX,12522.0,18.3,3781.0,36.7,40531.0,81587.8,-6,20919,1,1
298,299,Henry Schein,12401.0,22.6,631.2,56.3,8481.1,11960.1,-1,21600,1,1
300,301,eBay,12394.0,9.2,13608.0,140.1,26626.0,33641.9,-25,10800,1,1
301,302,Textron,12382.0,6.3,746.0,141.4,15827.0,16090.6,-37,33000,1,1
303,304,Community Health Systems,12368.0,4.9,230.0,-55.0,15217.0,1598.6,-45,58500,1,1
304,305,Mosaic,12357.4,42.3,1630.6,144.8,22036.4,24492.6,41,12525,1,0
305,306,Thor Industries,12317.4,50.8,659.9,195.9,6654.1,4330.9,62,31000,1,0
306,307,Dick's Sporting Goods,12293.4,28.3,1519.9,186.6,9041.7,7986.6,13,34300,1,0
307,308,Newmont,12222.0,6.3,1166.0,-58.8,40564.0,62968.1,-35,14400,1,1
309,310,Warner Bros. Discovery,12191.0,14.2,1006.0,-17.5,34427.0,12700.5,-20,11000,1,1
310,311,J.B. Hunt Transport Services,12168.3,26.3,760.8,50.3,6794.3,21052.9,4,33045,1,0
314,315,Vistra,12077.0,5.5,-1274.0,-300.3,29683.0,10434.7,-41,5060,0,1
315,316,State Street,12030.0,-0.4,2693.0,11.3,314624.0,31891.8,-64,38784,1,1
316,317,Unum Group,12013.8,-8.7,824.2,3.9,70115.6,6382.8,-87,10200,1,1
317,318,Alleghany,12004.1,34.9,1034.9,917.1,32268.7,11396.1,21,13313,1,0
319,320,Westlake,11778.0,57.0,2015.0,510.6,18459.0,15785.4,68,14550,1,0
320,321,Entergy,11742.9,16.1,1118.5,-19.4,59454.2,23760.4,-21,12369,1,1
321,322,International Flavors & Fragrances,11656.0,129.3,270.0,-25.7,39658.0,33455.6,200,24000,1,0
322,323,DaVita,11618.8,0.6,978.5,26.5,17121.5,10892.5,-52,69000,1,1
324,325,Assurant,11410.0,13.0,1372.4,210.6,33911.5,10493.1,-23,15600,1,1
326,327,Hormel Foods,11386.2,18.5,908.8,0.1,12696.3,28089.2,-10,20000,1,1
328,329,Republic Services,11295.0,11.2,1290.4,33.4,24955.0,41841.7,-32,35000,1,1
329,330,Mohawk Industries,11200.6,17.3,1033.2,100.4,14224.5,8081.8,-9,43000,1,1
330,331,Conagra Brands,11184.7,1.2,1298.8,54.6,22195.6,16103.5,-48,18600,1,1
331,332,Norfolk Southern,11142.0,13.8,3005.0,49.3,38493.0,68389.3,-25,18100,1,1
332,333,AES,11141.0,15.3,-409.0,-989.1,32963.0,17172.1,-20,8450,0,1
333,334,AGCO,11138.3,21.7,897.0,110.0,9182.1,10885.3,-3,23300,1,1
336,337,Advance Auto Parts,10998.0,8.8,616.1,25.0,12194.2,12644.8,-36,54500,1,1
337,338,Biogen,10981.7,-18.3,1556.1,-61.1,23877.3,30950.4,-110,9610,1,1
339,340,Booking Holdings,10958.0,61.2,1165.0,1874.6,23641.0,96022.7,84,20199,1,0
340,341,Amphenol,10876.3,26.5,1590.8,32.2,14678.4,45130.1,8,90000,1,0
341,342,Quest Diagnostics,10788.0,14.3,1995.0,39.4,13611.0,16348.6,-18,44500,1,1
342,343,FirstEnergy,10758.0,3.1,1283.0,18.9,45432.0,26181.6,-49,12395,1,1
344,345,Ally Financial,10690.0,-0.8,3060.0,182.0,182114.0,14411.6,-58,10500,1,1
346,347,Williams,10627.0,37.7,1517.0,619.0,47612.0,40670.4,32,4783,1,0
348,349,Eastman Chemical,10476.0,23.6,857.0,79.3,15519.0,14450.1,6,14000,1,0
349,350,Air Products & Chemicals,10323.0,16.6,2099.1,11.3,26859.2,55409.4,-10,20750,1,1
352,353,Interpublic Group,10240.7,13.0,952.8,171.4,19909.2,13965.9,-19,55600,1,1
353,354,Weyerhaeuser,10201.0,35.4,2607.0,227.1,17652.0,28315.0,33,9214,1,0
354,355,Altice USA,10090.8,2.0,990.3,127.0,33215.0,5674.1,-49,9000,1,1
355,356,Raymond James Financial,9910.0,21.3,1403.0,71.5,61891.0,22817.5,11,15000,1,0
356,357,EMCOR Group,9903.6,12.6,383.5,188.5,5441.4,5931.8,-13,34000,1,1
357,358,Eversource Energy,9863.1,10.8,1220.5,1.3,48492.1,30403.2,-20,9227,1,1
358,359,Yum China Holdings,9853.0,19.2,990.0,26.3,13223.0,17679.0,4,298500,1,0
359,360,Asbury Automotive Group,9837.7,37.9,532.4,109.3,8002.6,3714.8,45,14200,1,0
360,361,Owens & Minor,9785.3,12.4,221.6,641.8,3536.6,3375.6,-16,17300,1,1
361,362,Public Service Enterprise Group,9722.0,1.2,-648.0,-134.0,48999.0,35145.5,-44,12684,0,1
362,363,United Rentals,9716.0,13.9,1386.0,55.7,20292.0,25643.3,-11,20400,1,1
365,366,Intuit,9633.0,25.4,2062.0,12.9,15516.0,135987.6,14,17350,1,0
366,367,Cincinnati Financial,9629.7,27.8,2945.6,142.2,31386.7,21813.3,19,5166,1,0
368,369,Univar Solutions,9535.5,15.4,460.6,770.7,6777.8,5459.8,-7,9450,1,1
369,370,Huntington Ingalls Industries,9524.0,1.7,544.0,-21.8,10627.0,7991.0,-43,44000,1,1
370,371,W.R. Berkley,9455.5,16.7,1022.5,92.7,32086.4,17658.8,1,7681,1,0
372,373,Insight Enterprises,9436.1,13.1,219.3,27.1,4689.1,3745.1,-13,11624,1,1
374,375,American Tower,9356.9,16.4,2567.7,51.9,69887.9,114527.4,-,6378,1,1
375,376,Old Republic International,9341.6,30.4,1534.3,174.7,24981.8,7972.8,25,9600,1,0
379,380,VF,9238.8,-21.0,407.9,-40.0,13754.0,22112.9,-117,33600,1,1
381,382,Seaboard,9229.0,29.5,570.0,101.4,7503.0,4881.6,24,13200,1,0
382,383,First American Financial,9221.0,30.1,1241.0,78.2,16451.0,7087.2,26,22233,1,0
383,384,Intercontinental Exchange,9168.0,11.2,4058.0,94.3,193502.0,74044.8,-19,8858,1,1
385,386,Apollo Global Management,9124.0,332.2,1838.5,1073.9,30501.9,37194.0,552,2153,1,0
386,387,Jefferies Financial Group,9039.9,30.0,1674.4,116.0,60404.1,7933.9,32,5556,1,0
387,388,Hershey,8971.3,10.1,1477.5,15.5,10412.2,44461.5,-18,17805,1,1
388,389,NVR,8970.1,18.6,1236.7,37.2,5834.5,15010.5,-6,6600,1,1
389,390,Foot Locker,8958.0,18.7,893.0,176.5,8135.0,2850.0,-5,33244,1,1
391,392,SpartanNash,8931.0,-4.5,73.8,-2.8,2206.8,1185.1,-63,13300,1,1
395,396,Activision Blizzard,8803.0,8.9,2699.0,22.8,25056.0,62559.7,-23,9800,1,1
396,397,Toll Brothers,8790.4,24.2,833.6,86.7,11537.9,5515.4,14,5100,1,0
397,398,Carlyle Group,8782.1,199.3,2974.7,754.3,21250.4,17427.5,360,1850,1,0
400,401,UFP Industries,8636.1,67.6,535.6,117.1,3245.3,4790.5,117,15000,1,0
401,402,Ulta Beauty,8630.9,40.3,985.8,460.7,4764.4,20837.8,49,28500,1,0
405,406,Celanese,8537.0,51.0,1890.0,-4.8,11975.0,15434.1,71,8529,1,0
406,407,Global Payments,8523.8,14.8,965.5,65.2,45279.7,38545.6,-13,25000,1,1
408,409,Campbell Soup,8476.0,-6.3,1002.0,-38.5,11734.0,13446.9,-74,14100,1,1
409,410,Huntsman,8453.0,40.3,1045.0,1.1,9392.0,8046.9,50,9000,1,0
410,411,Franklin Resources,8425.5,51.4,1831.2,129.2,24168.4,14019.3,73,10300,1,0
411,412,Avery Dennison,8408.3,20.6,740.1,33.1,7971.6,14327.4,5,36000,1,0
412,413,Masco,8375.0,14.9,410.0,-66.5,5575.0,12062.7,-15,20000,1,1
414,415,Fifth Third Bancorp,8329.0,-0.9,2770.0,94.1,211116.0,29511.3,-57,19112,1,1
415,416,WEC Energy Group,8316.0,14.8,1300.3,8.4,38988.5,31483.5,-16,6938,1,1
416,417,S&P Global,8297.0,11.5,3024.0,29.3,15026.0,142343.5,-24,22850,1,1
418,419,Polaris,8252.0,16.1,493.9,295.8,5047.8,6264.1,-12,16000,1,1
419,420,Williams-Sonoma,8245.9,21.6,1126.3,65.5,4625.6,10376.0,5,16600,1,0
420,421,Autoliv,8230.0,10.5,435.0,132.7,7537.0,6691.1,-29,58176,1,1
421,422,Arthur J. Gallagher,8209.4,17.2,906.8,10.7,33345.0,36598.6,-6,39000,1,1
422,423,Motorola Solutions,8171.0,10.2,1245.0,31.2,12189.0,40555.9,-28,18700,1,1
425,426,J.M. Smucker,8002.7,2.6,876.3,12.4,16284.2,14686.4,-48,7100,1,1
427,428,Oshkosh,7952.5,16.0,409.4,26.2,6721.8,6703.7,-6,15000,1,1
428,429,MasTec,7951.8,25.8,328.8,1.9,7121.4,6657.0,12,27000,1,0
431,432,Boise Cascade,7926.1,44.8,712.5,307.2,2572.6,2740.4,61,6130,1,0
432,433,Dover,7907.1,18.3,1123.8,64.4,10403.6,22610.3,-4,25000,1,1
433,434,Genworth Financial,7882.0,-9.0,904.0,407.9,99171.0,1917.9,-86,2500,1,1
434,435,Bath & Body Works,7881.5,-33.5,1333.5,57.9,6026.0,11419.9,-178,32850,1,1
435,436,Booz Allen Hamilton Holding,7858.9,5.3,609.0,26.2,5499.6,11705.4,-45,27700,1,1
436,437,Coinbase Global,7839.4,513.7,3624.1,1024.4,21274.4,41670.4,-,3730,1,1
438,439,Westinghouse Air Brake Technologies,7822.0,3.5,558.0,34.7,18454.0,17819.4,-55,25000,1,1
439,440,Zoetis,7776.0,16.5,2037.0,24.4,13900.0,89008.9,-9,12100,1,1
440,441,Packaging Corp. of America,7730.3,16.1,841.1,82.5,7836.8,14628.1,-8,15200,1,1
441,442,LPL Financial Holdings,7720.8,31.5,459.9,-2.7,7991.6,14608.8,24,5919,1,0
442,443,T. Rowe Price,7671.9,23.6,3082.9,29.9,12509.0,34442.6,4,7529,1,0
443,444,Fortune Brands Home & Security,7656.1,25.7,772.4,39.6,7936.2,9830.7,12,28056,1,0
444,445,Casey's General Stores,7654.2,-5.6,312.9,18.6,4460.3,7354.4,-74,27583,1,1
445,446,A-Mark Precious Metals,7613.0,39.4,159.6,423.2,1191.6,890.5,49,347,1,0
447,448,Vertex Pharmaceuticals,7574.4,22.1,2342.1,-13.6,13432.5,66436.9,-,3900,1,1
448,449,KeyCorp,7561.0,3.1,2625.0,95.5,186346.0,20592.5,-53,16974,1,1
449,450,Chipotle Mexican Grill,7547.1,26.1,653.0,83.5,6653.0,44347.4,14,97660,1,0
450,451,CMS Energy,7538.0,12.8,1353.0,79.2,28753.0,20292.2,-21,8813,1,1
452,453,Taylor Morrison Home,7501.3,22.4,663.0,172.4,8727.8,3301.6,-1,3000,1,1
453,454,American Financial Group,7462.0,-5.7,1995.0,172.5,28931.0,12367.8,-78,6600,1,1
454,455,UGI,7447.0,13.5,1467.0,175.8,16723.0,7599.1,-19,11300,1,1
455,456,Science Applications International,7394.0,4.8,277.0,32.5,5746.0,5166.1,-44,25090,1,1
456,457,Avantor,7386.1,15.5,572.6,391.1,13897.2,20629.1,-19,13500,1,1
458,459,Clorox,7341.0,9.2,710.0,-24.4,6334.0,17108.7,-32,9000,1,1
462,463,Analog Devices,7318.3,30.6,1390.4,13.9,52322.1,86441.2,18,24700,1,0
465,466,Graphic Packaging Holding,7156.0,9.1,204.0,21.9,10457.0,6154.4,-31,25000,1,1
468,469,PPL,7127.0,-6.3,-1480.0,-200.7,33223.0,21001.9,-87,5607,0,1
469,470,Cintas,7116.3,0.4,1111.0,26.8,8236.8,43566.7,-60,40000,1,1
470,471,Xerox Holdings,7038.0,0.2,-455.0,-337.0,13223.0,3123.3,-56,23300,0,1
471,472,Rockwell Automation,6997.4,10.5,1358.1,32.7,10701.6,32538.4,-32,24500,1,1
472,473,Citizens Financial Group,6986.0,-9.0,2319.0,119.4,188409.0,19135.7,-92,17463,1,1
473,474,KLA,6918.7,19.2,2078.3,70.8,10271.1,55170.9,-6,11425,1,1
474,475,Camping World Holdings,6913.8,26.9,278.5,127.6,4372.9,2664.6,21,12834,1,0
475,476,Ingredion,6894.0,15.1,117.0,-66.4,6999.0,5814.2,-13,12000,1,1
476,477,Veritiv,6850.5,8.0,144.6,322.8,2438.4,2008.0,-38,6100,1,1
480,481,Academy Sports and Outdoors,6773.1,19.1,671.4,117.4,4584.9,3433.5,-6,16508,1,1
481,482,Sanmina,6756.6,-2.9,269.0,92.5,4206.7,2569.0,-64,33500,1,1
482,483,ON Semiconductor,6739.8,28.3,1009.6,331.1,9626.0,27078.7,26,31650,1,0
483,484,Commercial Metals,6729.8,22.9,412.9,47.7,4638.7,5056.7,8,11089,1,0
486,487,Equinix,6635.5,10.6,500.2,35.3,27918.7,67280.5,-26,10944,1,1
488,489,Regions Financial,6605.0,-0.8,2521.0,130.4,162938.0,20860.9,-55,19626,1,1
489,490,Yum Brands,6584.0,16.5,1575.0,74.2,5966.0,34252.9,-12,25650,1,1
490,491,Landstar System,6540.4,58.1,381.5,98.6,2045.5,5600.0,115,1399,1,0
491,492,CF Industries Holdings,6538.3,58.5,917.1,189.3,12375.2,21551.3,117,3003,1,0
492,493,Northern Trust,6488.3,3.0,1545.3,27.8,183889.8,24215.1,-50,21100,1,1
493,494,Robert Half International,6461.4,26.5,598.6,95.5,2952.4,12638.1,25,14600,1,0
495,496,Hasbro,6420.4,17.5,428.7,92.7,10037.8,11383.6,-2,6640,1,1
496,497,Roper Technologies,6415.8,16.1,1152.6,21.4,23713.9,49868.8,-9,19300,1,1
497,498,ARKO,6412.6,88.1,59.2,348.9,2942.3,1133.9,183,11236,1,0
499,500,Ameren,6394.0,10.4,990.0,13.7,35735.0,24198.7,-31,9116,1,1
500,501,O-I Glass,6357.0,4.4,149.0,-40.2,8832.0,2058.0,-46,24000,1,1
501,502,Chemours,6345.0,27.7,608.0,177.6,7550.0,5015.0,25,6400,1,0
502,503,Crown Castle International,6340.0,8.6,1096.0,3.8,39040.0,79937.3,-36,5000,1,1
503,504,Agilent Technologies,6319.0,18.4,1210.0,68.3,10705.0,39714.0,-2,17000,1,1
504,505,McCormick,6317.9,12.8,755.3,1.1,12905.8,26754.0,-23,14000,1,1
505,506,Skechers U.S.A.,6310.2,36.8,741.5,652.3,6491.3,6360.4,52,8950,1,0
506,507,Watsco,6280.2,24.2,418.9,55.4,3085.9,11842.6,17,6875,1,0
508,509,Lululemon athletica,6256.6,42.1,975.3,65.6,4942.5,46717.8,78,29000,1,0
509,510,ABM Industries,6228.6,4.0,126.3,42000.0,4436.2,3078.7,-48,124000,1,1
510,511,Post Holdings,6226.7,9.3,166.7,20737.5,12414.7,4284.4,-37,10735,1,1
511,512,Moody's,6218.0,15.8,2214.0,24.5,14680.0,62548.1,-12,13460,1,1
512,513,Select Medical Holdings,6204.5,12.2,402.2,55.3,7360.2,3208.6,-26,43200,1,1
514,515,Big Lots,6150.6,-0.8,177.8,-71.7,3927.3,988.1,-66,23350,1,1
515,516,Amkor Technology,6138.3,21.5,643.0,90.2,6038.6,5313.0,9,30400,1,0
517,518,RPM International,6106.3,10.9,502.6,65.1,6253.0,10560.8,-29,15490,1,1
518,519,M&T Bank,6105.8,-2.8,1858.7,37.4,155107.2,21875.0,-75,17342,1,1
519,520,Sprouts Farmers Market,6099.9,-5.7,244.2,-15.1,2923.1,3546.8,-83,31000,1,1
520,521,Huntington Bancshares,6080.0,16.1,1295.0,58.5,174064.0,21123.4,-11,18442,1,1
521,522,CACI International,6044.1,5.7,457.4,42.3,6172.4,7051.2,-49,22000,1,1
523,524,SVB Financial Group,6027.0,47.7,1833.0,51.7,211478.0,32901.0,89,6567,1,0
524,525,Fastenal,6010.9,6.4,925.0,7.7,4299.0,34187.9,-46,18370,1,1
526,527,Knight-Swift Transportation Holdings,5998.0,28.3,743.4,81.3,10655.5,8386.0,24,27650,1,0
530,531,ServiceNow,5896.0,30.5,230.0,94.1,10798.0,111378.0,39,16881,1,0
531,532,Nasdaq,5886.0,4.6,1187.0,27.2,20115.0,29298.2,-52,5814,1,1
532,533,Brunswick,5846.2,34.5,593.3,59.2,5425.0,6197.3,59,18582,1,0
533,534,Resideo Technologies,5846.0,15.3,242.0,554.1,5853.0,3455.8,-11,13300,1,1
536,537,Kemper,5793.0,11.3,-120.5,-129.4,14916.5,3606.0,-23,10300,0,1
538,539,Cerner,5764.8,4.7,555.6,-28.8,7434.2,27492.2,-49,25150,1,1
541,542,NetApp,5744.0,6.1,730.0,-10.9,9360.0,18470.5,-45,11000,1,1
542,543,KB Home,5724.9,36.9,564.7,90.6,5835.9,2858.1,60,2244,1,0
544,545,Intuitive Surgical,5710.1,31.0,1704.6,60.7,13555.0,108361.9,46,9793,1,0
546,547,MDU Resources Group,5680.7,2.7,378.1,-3.1,8910.4,5419.3,-61,12826,1,1
547,548,Silgan Holdings,5677.1,15.3,359.1,16.3,7770.8,5104.3,-18,15720,1,1
550,551,Hologic,5632.3,49.1,1871.5,67.8,8919.9,19305.1,90,6705,1,0
551,552,Electronic Arts,5629.0,1.7,837.0,-72.5,13288.0,35577.4,-67,11000,1,1
552,553,Zebra Technologies,5627.0,26.5,837.0,66.1,6215.0,21959.1,28,9800,1,0
554,555,Schneider National,5608.7,23.2,405.4,91.5,3937.3,4551.6,10,17050,1,0
555,556,Sonoco Products,5590.4,6.7,-85.5,-141.2,5073.2,6099.1,-45,20500,0,1
557,558,Evergy,5586.7,13.7,879.7,42.3,28520.5,15512.7,-26,4930,1,1
559,560,Coca-Cola Consolidated,5562.7,11.1,189.6,9.9,3445.6,4657.3,-34,15050,1,1
560,561,Greif,5556.1,23.1,390.7,259.1,5815.8,3134.0,11,16000,1,0
561,562,Vulcan Materials,5552.2,14.3,670.8,14.8,13682.6,24412.7,-23,11912,1,1
562,563,Ametek,5546.5,22.2,990.1,13.5,11898.2,30787.3,3,18500,1,0
563,564,Monster Beverage,5541.4,20.5,1377.5,-2.3,7804.8,42295.8,-2,3775,1,1
564,565,Sealed Air,5533.8,12.9,506.8,0.8,6229.3,9920.7,-31,16500,1,1
567,568,Martin Marietta Materials,5493.2,16.1,702.5,-2.6,14393.0,24015.1,-22,10000,1,1
569,570,Mattel,5457.7,19.1,903.0,613.1,6393.9,7823.3,-7,36300,1,1
570,571,Microchip Technology,5438.4,3.1,349.4,-38.8,16478.8,41777.1,-66,19500,1,1
571,572,Harley-Davidson,5336.3,31.6,650.0,49978.9,11051.1,6062.9,42,5800,1,0
572,573,Telephone & Data Systems,5329.0,2.0,156.0,-31.0,13493.0,2163.4,-61,8800,1,1
574,575,First Republic Bank,5305.0,17.7,1478.0,38.9,181087.0,29113.6,-1,6295,1,1
576,577,Pool,5295.6,34.5,650.6,77.4,3230.1,16967.1,47,5650,1,0
577,578,Old Dominion Freight Line,5256.3,30.9,1034.4,53.8,4821.5,34307.5,41,23663,1,0
578,579,Fortive,5254.7,13.4,608.4,-62.3,16465.5,21877.9,-23,18000,1,1
579,580,MDC Holdings,5254.7,34.7,573.7,56.1,4963.5,2692.7,49,2080,1,0
581,582,Edwards Lifesciences,5232.5,19.3,1503.1,82.5,8502.6,73141.4,7,15700,1,0
582,583,Hanover Insurance Group,5227.8,8.3,418.7,16.7,14254.3,5317.9,-41,4400,1,1
583,584,Syneos Health,5213.0,18.1,234.8,21.8,8237.1,8436.7,2,27443,1,0
584,585,Xylem,5195.0,6.5,427.0,68.1,8276.0,15354.7,-47,16700,1,1
585,586,Church & Dwight,5190.1,6.0,827.5,5.3,7996.5,24119.1,-51,5100,1,1
587,588,Meritage Homes,5141.3,14.2,737.4,74.1,4807.5,2907.3,-11,1773,1,1
589,590,Rush Enterprises,5126.1,8.2,241.4,110.1,3120.0,2788.5,-45,7141,1,1
591,592,Encompass Health,5121.6,10.3,412.2,45.0,6864.9,7071.1,-38,35681,1,1
592,593,Simon Property Group,5116.8,11.1,2249.6,102.2,33777.4,43197.8,-33,2850,1,1
593,594,Globe Life,5112.9,7.9,745.0,1.8,29768.0,9977.3,-50,3222,1,1
594,595,Skyworks Solutions,5109.1,52.3,1498.3,83.9,8590.7,21547.5,95,10945,1,0
597,598,Leggett & Platt,5072.6,18.5,402.4,62.5,5307.3,4659.0,-,20300,1,1
598,599,Western Union,5070.8,4.9,805.8,8.3,8823.5,7374.7,-58,10500,1,1
599,600,PerkinElmer,5067.2,34.0,943.2,29.6,15000.6,22009.4,39,16700,1,0
600,601,SS&C Technologies Holdings,5051.0,8.2,800.0,28.0,17333.0,19235.1,-49,24900,1,1
602,603,FMC,5045.2,8.7,736.5,33.5,10581.3,16563.8,-48,6400,1,1
603,604,Carlisle,5030.0,18.5,421.7,31.7,7246.8,12804.5,-5,11250,1,1
605,606,Core & Main,5004.0,37.4,166.0,348.6,4434.0,5948.8,-,4100,1,1
607,608,Broadridge Financial Solutions,4993.7,10.3,547.5,18.4,8119.8,18182.7,-40,13704,1,1
608,609,Ingles Markets,4987.9,8.2,249.7,39.8,2018.3,1691.4,-50,18460,1,1
609,610,TPG,4976.4,135.3,2180.9,198.1,8962.0,9304.9,-,1013,1,1
610,611,Insperity,4973.1,16.0,124.1,-10.2,1753.1,3849.8,-14,3600,1,1
611,612,Howmet Aerospace,4972.0,-5.5,258.0,-1.1,10219.0,15055.4,-105,19900,1,1
613,614,Keysight Technologies,4941.0,17.1,894.0,42.6,7781.0,28746.6,-13,14300,1,1
614,615,Tempur Sealy International,4930.8,34.1,624.5,79.0,4323.4,4997.7,37,12000,1,0
615,616,Scotts Miracle-Gro,4925.0,19.2,512.5,32.3,4800.0,6834.6,-9,8050,1,1
616,617,Equifax,4923.9,19.3,744.2,43.1,11040.9,29141.8,-9,12700,1,1
621,622,Avient,4818.8,48.6,230.8,75.4,4997.2,4388.4,80,8700,1,0
622,623,Sanderson Farms,4799.7,34.7,455.1,1509.6,2345.0,4185.4,39,17662,1,0
623,624,TransDigm Group,4798.0,-7.4,680.0,-2.7,19315.0,36135.8,-108,13300,1,1
624,625,Stifel Financial,4783.1,25.3,824.9,63.8,34049.7,7226.0,8,8600,1,0
625,626,JELD-WEN Holding,4771.7,12.7,168.8,84.3,3738.7,1826.0,-26,24700,1,1
626,627,Ares Management,4770.6,122.8,408.8,168.7,21605.2,23821.1,-,2100,1,1
628,629,Prologis,4759.4,7.2,2939.7,98.4,58486.2,119524.5,-45,2053,1,1
629,630,Welltower,4742.1,3.0,336.1,-65.7,34910.3,43001.5,-69,464,1,1
630,631,Darling Ingredients,4741.4,32.7,650.9,119.3,6133.7,12987.4,29,9900,1,0
631,632,Juniper Networks,4735.4,6.5,252.7,-2.0,8887.0,11986.6,-50,10191,1,1
632,633,Gartner,4734.0,15.5,793.6,197.5,7416.3,24477.2,-21,16600,1,1
634,635,Hubbell,4703.5,12.4,399.5,13.8,5281.5,9959.6,-33,18300,1,1
635,636,CME Group,4689.7,-4.0,2636.4,25.2,196780.3,85492.3,-99,3480,1,1
636,637,Nexstar Media Group,4648.4,3.3,834.6,2.9,13264.5,7728.3,-61,11817,1,1
637,638,Tutor Perini,4641.8,-12.7,91.9,-15.2,4724.9,551.8,-135,7800,1,1
639,640,Teledyne Technologies,4614.3,49.5,445.3,10.8,14430.3,22102.9,92,14500,1,0
640,641,Snap-on,4601.7,16.7,820.5,30.9,6759.7,10976.1,-18,12800,1,1
641,642,Rent-A-Center,4583.5,62.9,134.9,-35.2,2993.3,1486.9,138,14290,1,0
644,645,Louisiana-Pacific,4553.0,63.3,1377.0,176.0,2194.0,5344.1,142,4800,1,0
645,646,Urban Outfitters,4548.8,31.9,310.6,25030.7,3791.3,2421.4,32,16330,1,0
647,648,Amerco,4542.0,14.2,610.9,38.2,14651.6,11704.7,-28,22052,1,1
648,649,TriNet Group,4540.0,12.5,338.0,24.3,3309.0,6482.5,-31,2800,1,1
650,651,Illumina,4526.0,39.7,762.0,16.2,15217.0,54855.8,55,10775,1,0
651,652,Iron Mountain,4491.5,8.3,450.2,31.4,14450.0,16059.5,-47,25000,1,1
652,653,LCI Industries,4472.7,60.0,287.7,81.6,3288.1,2624.5,131,13900,1,0
654,655,PennyMac Financial Services,4450.2,-1.9,1003.5,-39.1,18776.6,2948.5,-88,7208,1,1
655,656,Digital Realty Trust,4427.9,13.4,1709.3,379.6,36369.6,40337.7,-29,3030,1,1
656,657,TreeHouse Foods,4405.5,-3.6,-12.5,-190.6,5207.0,1800.0,-93,10000,0,1
657,658,Ralph Lauren,4400.8,-28.6,-121.1,-131.5,7887.5,8073.2,-208,16200,0,1
659,660,American National Group,4391.8,15.8,699.3,49.6,31320.3,5084.1,-24,4545,1,1
660,661,Autodesk,4386.4,15.7,497.0,-58.9,8606.8,46580.0,-24,12600,1,1
661,662,Domino's Pizza,4357.4,5.8,510.5,3.9,1671.8,14665.9,-52,10450,1,1
662,663,ASGN,4333.8,9.7,409.9,104.6,3502.8,6022.2,-41,3900,1,1
663,664,Flowers Foods,4330.8,-1.3,206.2,35.4,3253.3,5438.6,-76,8900,1,1
664,665,BlueLinx Holdings,4277.2,38.1,296.1,266.1,1317.5,699.5,62,2045,1,0
666,667,Maximus,4254.5,22.9,291.2,35.8,4119.0,4641.1,10,35800,1,0
668,669,Hub Group,4232.4,21.1,171.5,133.1,2437.3,2678.5,2,4700,1,0
670,670,Bread Financial Holdings,4230.0,-6.4,801.0,274.8,21746.0,2804.6,-101,6000,1,1
671,672,Weis Markets,4224.4,2.7,108.8,-8.5,1910.5,1921.1,-61,24000,1,1
672,673,Century Communities,4216.3,33.4,498.5,141.8,3496.9,1783.2,44,1600,1,0
673,674,Synopsys,4204.2,14.1,757.5,14.0,8752.3,51023.2,-23,16361,1,1
674,675,Brink's,4200.2,13.8,105.2,557.5,5566.7,3234.4,-25,73350,1,1
675,676,Lennox International,4194.1,15.4,464.0,30.2,2171.9,9447.2,-23,11000,1,1
676,677,Service Corp. International,4143.1,18.0,802.9,55.6,15691.2,10581.3,-7,20840,1,1
678,679,Timken,4132.9,17.6,369.1,29.7,5170.7,4539.6,-10,18029,1,1
681,682,CNO Financial Group,4122.2,7.9,441.0,46.1,36204.4,2945.7,-50,3350,1,1
683,684,Zoom Video Communications,4099.9,54.6,1375.6,104.6,7551.3,35066.3,126,6787,1,0
684,685,Patrick Industries,4078.1,64.0,224.9,131.7,2650.7,1408.2,159,11000,1,0
685,686,Paychex,4056.8,0.4,1097.5,-0.1,9227.2,49268.0,-69,15000,1,1
686,687,Atlas Air Worldwide Holdings,4030.8,25.5,493.3,36.9,6443.2,2523.4,21,4056,1,0
690,691,Qorvo,4015.3,24.0,733.6,119.4,7221.5,13456.4,14,8750,1,0
691,692,Catalent,3998.0,29.2,585.0,165.1,9112.0,19862.7,36,17300,1,0
692,693,Mercury General,3993.4,5.5,247.9,-33.8,6772.5,3045.4,-55,4300,1,1
693,694,AMN Healthcare Services,3984.2,66.4,327.4,363.3,3131.9,4796.1,168,3800,1,0
694,695,Tri Pointe Homes,3982.2,22.1,469.3,66.3,4336.2,2160.1,5,1390,1,0
695,696,ArcBest,3980.1,35.4,213.5,200.3,2112.7,1979.7,59,14000,1,0
696,697,Toro,3959.6,17.2,409.9,24.3,2936.1,8936.9,-10,10982,1,1
698,699,Align Technology,3952.6,59.9,772.0,-56.5,5942.1,34354.8,151,22540,1,0
699,700,loanDepot,3943.2,-11.3,113.5,-94.4,11812.3,1290.3,-117,11307,1,1
701,702,American Water Works,3930.0,4.1,1263.0,78.1,26075.0,30085.5,-62,6400,1,1
702,703,Matson,3925.3,64.7,927.4,380.3,3693.1,4927.5,163,4259,1,0
706,707,Sally Beauty Holdings,3875.0,10.3,239.9,111.8,2847.1,1720.5,-39,29000,1,1
707,708,Enovis,3854.3,25.5,71.7,68.1,8515.3,6419.3,29,16200,1,0
708,709,IAC/InterActiveCorp,3845.1,26.2,597.5,121.5,12300.3,9001.4,31,13200,1,0
709,710,Meritor,3833.0,25.9,199.0,-18.8,2938.0,2519.4,32,9600,1,0
710,711,Ventas,3828.0,0.9,49.0,-88.8,24717.8,24676.2,-77,434,1,1
712,713,Regal Rexnord,3810.3,31.1,209.9,10.9,10281.6,10002.1,50,30000,1,0
714,715,Clean Harbors,3805.6,21.0,203.2,50.7,5653.7,6073.8,6,18300,1,0
715,716,Pinnacle West Capital,3803.8,6.0,618.7,12.4,22003.2,8820.0,-59,5872,1,1
716,717,eXp World Holdings,3771.2,109.7,81.2,160.9,413.8,3149.3,-,1669,1,1
717,718,Mueller Industries,3769.3,57.2,468.5,235.9,1728.9,3100.4,143,5337,1,0
719,720,RH,3758.8,32.0,688.5,153.3,5540.5,7079.0,57,6100,1,0
720,721,EPAM Systems,3758.1,41.3,481.7,47.2,3523.2,16870.7,87,58824,1,0
721,722,M/I Homes,3745.9,23.0,396.9,65.4,3239.9,1262.2,19,1657,1,0
722,723,Generac Holdings,3737.2,50.4,550.5,57.0,4877.8,18960.3,122,9248,1,0
723,724,Mettler-Toledo International,3717.9,20.5,769.0,27.6,3326.8,31220.3,10,16700,1,0
725,726,Teradyne,3702.9,18.6,1014.6,29.4,3809.4,19202.6,-,5900,1,1
726,727,American Equity Investment Life Holding,3689.5,52.2,474.0,-29.4,78349.1,3869.2,130,850,1,0
727,728,Southwest Gas Holdings,3680.5,11.6,200.8,-13.6,12765.3,5233.6,-30,12720,1,1
729,730,Lamb Weston Holdings,3670.9,-3.2,317.8,-13.1,4209.4,8699.1,-95,7800,1,1
730,731,Alliant Energy,3669.0,7.4,659.0,7.3,18553.0,15670.6,-51,3313,1,1
731,732,Resolute Forest Products,3664.0,30.9,307.0,2970.0,3538.0,991.7,51,6900,1,0
732,733,Parsons,3660.8,-6.6,64.1,-35.0,3830.9,4012.0,-108,15500,1,1
733,734,Trimble,3659.1,16.2,492.7,26.4,7099.6,18122.7,-14,11931,1,1
736,737,Winnebago Industries,3629.8,54.1,281.9,358.8,2062.6,1770.9,140,6532,1,0
737,738,Ciena,3620.7,2.5,500.2,38.4,4865.2,9223.4,-72,7205,1,1
738,739,PriceSmart,3619.9,8.7,98.0,25.4,1705.8,2434.1,-45,10400,1,1
742,743,Super Micro Computer,3557.4,6.5,111.9,32.7,2242.0,1963.0,-50,4155,1,1
743,744,Flowserve,3541.1,-5.0,125.9,-3.4,4749.8,4681.4,-101,16000,1,1
744,745,Charles River Laboratories International,3540.2,21.1,391.0,7.3,7024.3,14425.4,15,19300,1,0
745,746,A.O. Smith,3538.9,22.2,487.1,41.2,3474.4,10032.2,21,13700,1,0
749,750,Valmont Industries,3501.6,20.9,195.6,39.0,3447.2,5083.4,16,11041,1,0
750,751,Sprague Resources,3498.2,49.8,-68.9,-303.8,1418.3,433.7,135,757,0,0
751,752,Primoris Services,3497.6,0.2,115.6,10.1,2543.3,1269.8,-79,10810,1,1
752,753,Cboe Global Markets,3494.8,2.0,529.0,13.0,6814.5,12148.2,-74,1196,1,1
753,754,Carter's,3486.4,15.3,339.7,209.7,3201.8,3763.4,-9,15900,1,1
754,755,TopBuild,3486.2,28.3,324.0,31.2,4258.5,5987.1,40,13006,1,0
755,756,SiteOne Landscape Supply,3475.7,28.5,238.4,96.5,2116.1,7255.5,46,5475,1,0
756,757,Texas Roadhouse,3463.9,44.4,245.3,684.8,2512.0,5787.8,103,73300,1,0
757,758,Akamai Technologies,3461.2,8.2,651.6,17.0,8138.7,19210.0,-47,8700,1,1
758,759,Acuity Brands,3461.0,4.0,306.3,23.4,3575.1,6628.9,-63,13000,1,1
759,759,Brown-Forman,3461.0,2.9,903.0,9.2,6522.0,31376.6,-70,4700,1,1
760,761,Navient,3454.0,-7.3,717.0,74.0,80605.0,2592.3,-117,5263,1,1
761,762,Coterra Energy,3449.0,135.2,1158.0,477.5,19900.0,21872.1,-,936,1,1
763,764,Floor & Decor Holdings,3433.5,41.5,283.2,45.3,3730.7,8573.8,92,9276,1,0
764,765,Public Storage,3415.8,17.2,1953.3,43.9,17380.9,68438.2,-3,5800,1,1
766,767,Crane Holdings,3408.0,16.0,435.4,140.6,4486.6,6158.9,-10,11000,1,1
767,768,Atmos Energy,3407.5,20.8,665.6,10.7,19608.7,16182.8,10,4684,1,0
768,769,Selective Insurance Group,3379.2,15.6,403.8,63.9,10461.4,5391.5,-8,2440,1,1
769,770,Take-Two Interactive Software,3372.8,9.2,588.9,45.6,6028.2,17744.1,-40,6495,1,1
771,772,Plexus,3368.9,-0.6,138.9,18.2,2461.9,2298.6,-87,19200,1,1
773,774,Franchise Group,3362.7,56.2,363.8,1351.4,3913.2,1669.6,150,11895,1,0
775,776,CrossAmerica Partners,3350.5,87.1,21.7,-79.8,1270.1,826.5,-,2218,1,1
776,777,Mr. Cooper Group,3344.0,22.4,1454.0,376.7,14204.0,3369.4,15,8200,1,0
777,778,Fortinet,3342.2,28.8,606.8,24.2,5919.1,54957.1,38,10195,1,0
778,779,Brinker International,3337.8,8.4,131.6,439.3,2274.9,1701.9,-43,59491,1,1
779,780,Albemarle,3328.0,6.4,123.7,-67.1,10974.1,25899.4,-57,6000,1,1
782,783,Evercore,3307.1,44.7,740.1,111.1,3802.7,4275.1,116,1940,1,0
783,784,Stewart Information Services,3305.8,44.5,323.2,108.7,2813.4,1635.1,114,7300,1,0
784,785,Central Garden & Pet,3303.7,22.6,151.7,25.7,3116.7,2286.5,19,6750,1,0
785,786,GMS,3298.8,1.8,105.6,351.5,2483.9,2142.1,-83,5843,1,1
786,787,H.B. Fuller,3278.0,17.5,161.4,30.5,4274.5,3505.2,-1,6500,1,1
787,788,Middleby,3250.8,29.3,488.5,135.7,6383.6,8961.1,49,10624,1,0
788,789,Renewable Energy Group,3244.1,51.8,213.8,74.1,2558.9,3056.2,139,1196,1,0
789,790,MSC Industrial Direct,3243.2,1.6,216.9,-13.6,2462.1,4758.3,-78,6472,1,1
790,791,Vishay Intertechnology,3240.5,29.5,298.0,142.4,3543.3,2840.1,49,22800,1,0
791,792,Applied Industrial Technologies,3235.9,-0.3,144.8,502.1,2271.8,3947.9,-91,5947,1,1
792,793,Lincoln Electric Holdings,3234.2,21.8,276.5,34.1,2592.3,8079.1,16,11000,1,0
793,794,First Horizon,3234.0,-4.6,999.0,18.2,89092.0,12542.9,-108,7676,1,1
795,796,AptarGroup,3227.2,10.2,244.1,14.0,4141.4,7702.9,-37,13000,1,1
796,797,Citrix Systems,3217.2,-0.6,307.5,-39.0,6975.5,12704.6,-90,9700,1,1
797,798,IDEXX Laboratories,3215.4,18.8,744.8,28.0,2437.2,46089.3,2,10350,1,0
798,799,Tetra Tech,3213.5,7.3,232.8,33.9,2576.6,8906.7,-51,21000,1,1
801,802,ResMed,3196.8,8.1,474.5,-23.7,4728.1,35463.3,-51,7970,1,1
803,804,Graham Holdings,3186.0,10.3,352.1,17.2,7425.5,3000.6,-36,15048,1,1
805,806,Worthington Industries,3171.4,3.7,723.8,818.6,3373.2,2537.8,-68,9000,1,1
808,809,TransUnion,3145.0,15.8,1387.1,304.2,12635.0,19882.6,-13,10200,1,1
811,812,Dycom Industries,3130.5,-2.1,48.6,41.5,2118.2,2821.0,-102,15024,1,1
812,813,Columbia Sportswear,3126.4,25.0,354.1,227.8,3067.1,5840.4,28,8325,1,0
815,816,Grocery Outlet Holding,3079.6,-1.8,62.3,-41.6,2669.8,3148.0,-94,875,1,1
816,817,AMC Networks,3077.6,9.3,250.6,4.4,5748.9,1721.7,-38,1883,1,1
817,818,Hyster-Yale Materials Handling,3075.7,9.4,-173.0,-566.3,1970.1,561.2,-36,8100,0,1
819,820,Comfort Systems USA,3073.6,7.6,143.3,-4.5,2209.1,3200.5,-44,13200,1,1
821,822,Brown & Brown,3051.4,16.8,587.1,22.2,9795.4,20395.7,-8,12023,1,1
822,823,LGI Homes,3050.1,28.8,429.6,32.6,2351.9,2322.4,50,952,1,0
824,825,Comerica,3024.0,-2.3,1168.0,146.4,94616.0,11854.4,-96,7442,1,1
828,829,Verisk Analytics,2998.6,7.7,666.2,-6.5,7808.1,34616.2,-41,9367,1,1
829,830,Spectrum Brands Holdings,2998.1,-24.4,189.6,93.9,5340.4,3617.6,-209,12100,1,1
831,832,TEGNA,2991.1,1.8,477.0,-1.2,6917.6,4962.6,-76,6200,1,1
832,833,Vontier,2990.7,10.6,413.0,20.8,4349.8,4087.8,-32,8500,1,1
833,834,Cadence Design Systems,2988.2,11.4,696.0,17.8,4386.3,45781.7,-29,9298,1,1
835,836,Match Group,2983.3,24.8,277.7,116.0,5063.3,31007.0,28,2520,1,0
836,837,Valvoline,2981.0,26.7,420.0,32.5,3191.0,5660.5,43,9800,1,0
837,838,EnerSys,2977.9,-3.6,143.4,4.6,3462.8,3076.0,-107,11400,1,1
839,840,UWM Holdings,2970.3,-39.9,98.4,-97.1,22528.4,7223.5,-311,8000,1,1
840,841,Zions Bancorp.,2970.0,1.0,1129.0,109.5,93200.0,9958.2,-87,9685,1,1
842,843,MKS Instruments,2949.6,26.6,551.4,57.5,4540.3,8327.6,45,6200,1,0
843,844,Arista Networks,2948.0,27.2,840.9,32.5,5734.4,42773.4,45,2993,1,0
844,845,Interactive Brokers Group,2938.0,18.5,308.0,57.9,109113.0,27961.7,3,2571,1,0
846,847,Atkore,2928.0,65.9,587.9,286.0,2210.1,4415.6,-,3700,1,1
848,849,First Solar,2923.4,7.8,468.7,17.7,7413.7,8904.4,-51,4800,1,1
849,850,Bio-Rad Laboratories,2922.5,14.8,4245.9,11.6,17775.8,16982.2,-21,7900,1,1
850,851,Cooper Cos.,2922.5,20.2,2944.7,1135.2,9606.2,20587.8,2,12000,1,0
851,852,Envista Holdings,2922.4,28.1,340.5,922.5,6574.2,7882.5,48,11200,1,0
853,854,Newmark Group,2906.4,52.6,750.7,837.7,5216.2,3009.9,129,6169,1,0
854,855,PC Connection,2892.6,11.7,69.9,25.4,1083.4,1375.8,-38,2542,1,1
856,857,Boston Properties,2888.6,4.4,505.2,-42.1,22365.3,20179.9,-67,743,1,1
857,858,Western Midstream Partners,2877.2,3.8,916.3,73.9,11273.1,10177.4,-69,1127,1,1
858,859,Magellan Midstream Partners,2870.1,18.2,982.0,20.2,8030.0,10422.1,-4,1715,1,1
860,861,Donaldson,2853.9,10.5,286.9,11.6,2400.2,6416.4,-40,13100,1,1
861,862,Moog,2852.0,-1.1,157.2,1608.0,3433.2,2814.6,-91,14000,1,1
862,863,Hawaiian Electric Industries,2850.4,10.5,246.2,24.4,15822.6,4630.0,-41,3623,1,1
863,864,Five Below,2848.4,45.2,278.8,126.0,2880.5,8825.0,105,13150,1,0
867,868,Fleetcor Technologies,2833.7,18.6,839.5,19.2,13404.7,19398.4,-3,9700,1,1
868,869,West Pharmaceutical Services,2831.6,31.9,661.8,91.2,3313.8,30508.2,56,10065,1,0
871,872,Virtu Financial,2811.5,-13.2,476.9,-26.5,10320.0,6622.1,-168,973,1,1
872,873,Teleflex,2809.6,10.7,485.4,44.7,6871.7,16642.1,-41,14000,1,1
876,877,Waters,2785.9,17.8,692.8,32.8,3094.9,18783.4,-3,7800,1,1
878,879,Hovnanian Enterprises,2782.9,18.7,607.8,1093.5,2320.5,371.9,6,1784,1,0
881,882,FTI Consulting,2776.2,12.8,235.0,11.5,3100.9,5400.1,-30,6780,1,1
882,883,Overstock.com,2773.8,8.8,389.4,595.3,1066.0,1897.8,-56,1350,1,1
884,885,G-III Apparel Group,2766.5,34.6,200.6,752.0,2742.5,1296.1,64,3250,1,0
885,886,ITT,2765.0,11.6,316.3,336.3,3565.4,6415.4,-37,9900,1,1
886,887,IDEX,2764.8,17.6,449.4,19.0,4917.2,14591.6,-6,7536,1,1
887,888,Popular,2764.8,6.2,934.9,84.5,75097.9,6252.3,-73,8351,1,1
890,891,Brookdale Senior Living,2758.3,-22.1,-99.3,-221.1,6410.5,1308.3,-226,28545,0,1
891,892,Werner Enterprises,2734.4,15.3,259.1,53.2,2603.7,2697.9,-21,13525,1,1
892,893,Americold Realty Trust,2714.8,36.6,-30.5,-224.1,8216.2,7489.8,64,16275,0,0
894,895,Primerica,2709.7,22.2,373.4,-3.3,16123.2,5326.8,14,3170,1,0
896,897,Nu Skin Enterprises,2695.7,4.4,147.3,-23.0,1906.5,2385.6,-77,19600,1,1
897,898,Copart,2692.5,22.1,936.5,33.8,4562.1,29798.8,12,8600,1,0
903,904,Ensign Group,2627.5,9.4,194.7,14.2,2850.6,4958.3,-45,25900,1,1
905,906,Kaiser Aluminum,2622.0,123.6,-18.5,-164.2,2422.4,1493.9,-,3957,0,1
907,908,F5,2603.4,10.7,331.2,7.7,4997.3,12691.2,-26,6429,1,1
908,909,Steelcase,2596.2,-30.3,26.1,-86.9,2354.0,1339.5,-264,11400,1,1
909,910,Encore Wire,2592.7,103.0,541.4,611.8,1530.5,2250.3,-,1440,1,1
911,912,Playtika Holding,2583.0,8.9,308.5,235.0,2803.3,7965.8,-40,4000,1,1
914,915,ManTech International,2554.0,1.4,137.0,13.7,2639.6,3517.6,-80,9800,1,1
916,917,NortonLifeLock,2552.0,-33.9,554.0,-85.7,6361.0,15441.9,-286,2800,1,1
917,918,Deckers Outdoor,2545.6,19.4,382.6,38.5,2167.7,7457.8,11,3400,1,0
918,919,Griffon,2541.7,5.6,79.2,48.3,2604.7,1127.8,-61,6700,1,1
920,921,Curtiss-Wright,2505.9,4.8,267.2,32.7,4103.5,5771.0,-58,7800,1,1
921,922,MYR Group,2498.3,11.2,85.0,44.7,1121.1,1594.5,-16,7600,1,1
927,928,Equity Residential,2464.0,-4.2,1332.9,45.9,21169.2,33802.5,-104,2400,1,1
928,929,DexCom,2448.5,27.1,154.7,-68.7,4863.6,49824.5,47,6650,1,0
929,930,Rollins,2424.3,12.2,350.7,34.5,1980.9,17260.7,-9,16482,1,1
931,932,Bruker,2417.9,21.7,277.1,75.6,3650.0,9694.7,26,7765,1,0
932,933,Joann,2417.6,-12.5,56.7,-73.3,2362.2,463.2,-142,13530,1,1
934,935,Gray Television,2413.0,1.3,90.0,-78.0,11108.0,2093.2,-68,8801,1,1
935,936,Affiliated Managers Group,2412.4,19.0,565.7,179.8,8876.4,5606.8,15,4050,1,0
936,937,Summit Materials,2409.7,3.3,152.2,10.3,4239.1,3687.8,-50,5500,1,1
937,938,SLM,2409.3,2.4,1160.5,31.8,29221.9,5129.7,-59,1450,1,1
939,940,Allison Transmission Holdings,2402.0,15.4,442.0,47.8,4457.0,3810.6,3,3400,1,0
940,941,Element Solutions,2399.8,29.5,203.3,168.6,5138.4,5434.8,-,5300,1,1
941,942,Portland General Electric,2396.0,11.7,244.0,57.4,9494.0,4940.0,-16,2839,1,1
944,945,Alexandria Real Estate Equities,2373.6,2.9,571.2,-25.9,30219.4,32188.6,-55,559,1,1
945,946,Nordson,2362.2,11.4,454.4,82.1,3791.0,13157.1,-12,6813,1,1
946,947,NewMarket,2356.1,17.2,190.9,-29.4,2558.4,3346.7,7,2104,1,0
948,949,Stepan,2346.0,25.5,137.8,8.7,2065.6,2215.6,43,2439,1,0
949,950,Valhi,2335.4,24.3,127.2,130.4,3005.2,828.8,39,2847,1,0
952,953,Etsy,2329.1,35.0,493.5,41.3,3831.8,15787.7,-,2402,1,1
953,954,Crocs,2313.4,66.9,725.7,132.0,1545.1,4676.2,-,5770,1,1
955,956,Signature Bank,2311.3,15.2,918.4,73.8,118445.4,18416.9,-,1854,1,1
956,957,SBA Communications,2308.8,10.8,237.6,885.8,9801.7,37168.7,-15,1596,1,1
958,959,Entegris,2298.9,23.6,409.1,38.7,3191.9,17830.9,38,6850,1,0
959,960,AvalonBay Communities,2294.9,-0.3,1004.3,21.3,19902.0,34710.3,-64,2883,1,1
960,961,Saia,2288.7,25.6,253.2,83.1,1845.3,6438.4,-,11600,1,1
961,962,E.W. Scripps,2283.5,19.2,122.7,-54.4,6658.3,1718.3,17,5600,1,0
962,963,TTEC Holdings,2273.1,16.6,141.0,18.8,1996.8,3878.0,11,65000,1,0
963,964,Sun Communities,2272.6,62.5,380.2,188.8,13494.1,20372.8,-,5455,1,1
965,966,GEO Group,2256.6,-4.0,77.4,-31.5,4537.4,809.8,-83,15800,1,1
967,968,Benchmark Electronics,2255.3,9.8,35.8,154.5,1903.9,881.4,-18,10900,1,1
968,969,Kar Auction Services,2251.6,2.9,66.5,13200.0,7417.2,2187.3,-56,8928,1,1
971,972,Woodward,2245.8,-10.0,208.6,-13.2,4091.0,7882.4,-130,7200,1,1
973,974,Spire,2235.5,20.5,271.7,206.7,9356.4,3713.6,25,3710,1,0
976,977,LHC Group,2219.6,7.6,115.7,3.7,2895.6,5229.6,-30,23000,1,1
977,978,Amedisys,2214.1,6.9,209.1,13.9,1857.0,5603.9,-39,21000,1,1
980,981,Aerojet Rocketdyne Holdings,2188.0,5.6,143.7,4.4,2433.6,3169.4,-36,5000,1,1
981,982,Sleep Number,2184.9,17.7,153.7,10.5,919.5,1123.7,16,5388,1,0
982,983,HNI,2184.4,11.7,59.8,42.7,1497.9,1568.7,-12,8000,1,1
988,989,New Jersey Resources,2156.6,10.4,117.9,-39.2,5722.3,4405.4,-17,1251,1,1
989,990,Acushnet Holdings,2147.9,33.2,178.9,86.3,2005.8,2914.0,-,6500,1,1
991,992,Beazer Homes USA,2140.3,0.6,122.0,133.6,2078.8,478.8,-61,1052,1,1
992,993,Chemed,2139.3,2.9,268.6,-15.9,1342.7,7592.5,-49,14137,1,1
995,996,Vizio Holding,2124.0,4.0,-39.4,-138.4,935.8,1705.1,-,800,0,1
996,997,1-800-Flowers.com,2122.2,42.5,118.7,101.1,1076.7,830.0,-,4800,1,1
997,998,Cowen,2112.8,30.2,295.6,36.6,8748.8,744.1,-,1534,1,1
